{"id":"651712cd9133b","destination":"test","source":"651530485408b","packet_json":"651530485408b_test_651712cd9133b_packet.json","timestamp":1696010957,"resource":{"resource_id":"01","resource_type":"page"},"request":{"id":"651712cd91445","resource_type":"page","resource_id":"01","accepted_file_types":["zip"],"method":"GET"},"response":{"id":"651afe6c6615a","resource_type":"page","resource_id":"01","resource_path":"\/home\/leon\/Code\/Snail\/pages\/test","destination":"651530485408b","source":"node","status":"200"}}